wavelength_nm,cie_v_lambda,bpw34_relative_response
400.05,0.000397886,0.04195
400.27,0.000406183,0.04232
400.48,0.000414103,0.04269
400.69,0.000422023,0.04305
400.91,0.00043032,0.04342
401.12,0.000438432,0.04379
401.33,0.000446687,0.04415
401.55,0.000455335,0.04453
401.76,0.00046359,0.04489
401.97,0.000471845,0.04525
402.18,0.000481097,0.04561
402.4,0.000490965,0.04599
402.61,0.000500384,0.04635
402.82,0.000509803,0.04671
403.04,0.00052005,0.04709
403.25,0.000531462,0.04745
403.46,0.000542874,0.04781
403.67,0.000554286,0.04817
403.89,0.000566241,0.04855
404.1,0.000578997,0.04891
404.31,0.000593231,0.04927
404.53,0.000608143,0.04965
404.74,0.000622377,0.05001
404.95,0.000636611,0.05037
405.16,0.00065353,0.05073
405.38,0.000672133,0.05111
405.59,0.00068989,0.05147
405.8,0.000707648,0.05183
406.01,0.000725569,0.05219
406.23,0.000747776,0.05257
406.44,0.000768974,0.05293
406.65,0.000790171,0.05329
406.87,0.000812378,0.05367
407.08,0.000834753,0.05403
407.29,0.000859041,0.05439
407.5,0.00088333,0.05475
407.72,0.000908775,0.05513
407.93,0.000933064,0.05549
408.14,0.000959181,0.05585
408.35,0.000986212,0.05622
408.57,0.00101,0.05659
408.78,0.00104,0.05695
408.99,0.00107,0.05732
409.2,0.0011,0.05768
409.42,0.00113,0.05805
409.63,0.00116,0.05842
409.84,0.00119,0.05878
410.05,0.00122,0.05914
410.27,0.00125,0.05952
410.48,0.00128,0.05988
410.69,0.00131,0.06024
410.9,0.00135,0.0606
411.12,0.00138,0.06098
411.33,0.00142,0.06134
411.54,0.00145,0.0617
411.75,0.00149,0.06206
411.96,0.00152,0.06242
412.18,0.00156,0.0628
412.39,0.0016,0.06316
412.6,0.00164,0.06352
412.81,0.00168,0.06388
413.03,0.00173,0.06426
413.24,0.00177,0.06462
413.45,0.00182,0.06498
413.66,0.00186,0.06534
413.87,0.00191,0.06571
414.09,0.00196,0.06608
414.3,0.00201,0.06644
414.51,0.00206,0.06681
414.72,0.00211,0.06717
414.94,0.00217,0.06754
415.15,0.00222,0.06791
415.36,0.00228,0.06827
415.57,0.00234,0.06863
415.78,0.00239,0.06899
416,0.00245,0.06937
416.21,0.00252,0.06973
416.42,0.00258,0.07009
416.63,0.00265,0.07045
416.84,0.00271,0.07081
417.06,0.00279,0.07119
417.27,0.00286,0.07155
417.48,0.00293,0.07191
417.69,0.00301,0.07227
417.9,0.00308,0.07263
418.12,0.00317,0.07301
418.33,0.00325,0.07337
418.54,0.00334,0.07373
418.75,0.00342,0.07409
418.96,0.00351,0.07446
419.17,0.00361,0.07482
419.39,0.00371,0.07519
419.6,0.00381,0.07556
419.81,0.00391,0.07592
420.02,0.00401,0.07628
420.23,0.00413,0.07664
420.44,0.00424,0.077
420.66,0.00436,0.07738
420.87,0.00448,0.07774
421.08,0.0046,0.0781
421.29,0.00472,0.07846
421.5,0.00485,0.07882
421.71,0.00498,0.07918
421.93,0.00512,0.07956
422.14,0.00525,0.07992
422.35,0.00539,0.08028
422.56,0.00553,0.08064
422.77,0.00568,0.08101
422.98,0.00582,0.08137
423.2,0.00597,0.08174
423.41,0.00612,0.08211
423.62,0.00627,0.08247
423.83,0.00642,0.08283
424.04,0.00658,0.08319
424.25,0.00673,0.08355
424.46,0.00689,0.08391
424.68,0.00706,0.08429
424.89,0.00722,0.08465
425.1,0.00738,0.08501
425.31,0.00754,0.08537
425.52,0.00771,0.08573
425.73,0.00787,0.08609
425.94,0.00804,0.08646
426.16,0.00822,0.08683
426.37,0.00839,0.08719
426.58,0.00856,0.08756
426.79,0.00874,0.08792
427,0.00891,0.08828
427.21,0.00909,0.08864
427.42,0.00927,0.089
427.63,0.00945,0.08936
427.85,0.00964,0.08974
428.06,0.00982,0.0901
428.27,0.01001,0.09046
428.48,0.0102,0.09082
428.69,0.01039,0.09118
428.9,0.01057,0.09154
429.11,0.01077,0.09191
429.32,0.01096,0.09227
429.53,0.01116,0.09263
429.75,0.01137,0.09301
429.96,0.01156,0.09337
430.17,0.01177,0.09373
430.38,0.01197,0.09409
430.59,0.01217,0.09445
430.8,0.01238,0.09481
431.01,0.01258,0.09517
431.22,0.0128,0.09553
431.43,0.01301,0.09589
431.65,0.01323,0.09627
431.86,0.01344,0.09663
432.07,0.01366,0.09699
432.28,0.01388,0.09735
432.49,0.0141,0.09772
432.7,0.01432,0.09808
432.91,0.01454,0.09844
433.12,0.01476,0.0988
433.33,0.01499,0.09916
433.54,0.01522,0.09952
433.75,0.01544,0.09988
433.96,0.01567,0.10024
434.18,0.01592,0.10062
434.39,0.01615,0.10098
434.6,0.01639,0.10134
434.81,0.01663,0.1017
435.02,0.01686,0.10207
435.23,0.01711,0.10243
435.44,0.01735,0.10279
435.65,0.0176,0.10315
435.86,0.01784,0.10351
436.07,0.01809,0.10387
436.28,0.01835,0.10423
436.49,0.0186,0.10459
436.7,0.01885,0.10495
436.91,0.01911,0.10531
437.12,0.01936,0.10568
437.33,0.01962,0.10604
437.55,0.0199,0.10641
437.76,0.02016,0.10678
437.97,0.02042,0.10714
438.18,0.02068,0.1075
438.39,0.02095,0.10786
438.6,0.02121,0.10822
438.81,0.02148,0.10858
439.02,0.02174,0.10894
439.23,0.02201,0.1093
439.44,0.02228,0.10966
439.65,0.02255,0.11003
439.86,0.02282,0.11039
440.07,0.02309,0.11075
440.28,0.02336,0.11111
440.49,0.02363,0.11147
440.7,0.02391,0.11183
440.91,0.02418,0.11219
441.12,0.02445,0.11255
441.33,0.02473,0.11291
441.54,0.02501,0.11327
441.75,0.02528,0.11364
441.96,0.02556,0.114
442.17,0.02584,0.11436
442.38,0.02612,0.11472
442.59,0.02641,0.11508
442.8,0.02669,0.11544
443.01,0.02697,0.1158
443.22,0.02726,0.11616
443.43,0.02756,0.11652
443.64,0.02785,0.11688
443.85,0.02814,0.11725
444.06,0.02844,0.11761
444.27,0.02874,0.11797
444.48,0.02905,0.11833
444.69,0.02935,0.11869
444.9,0.02966,0.11905
445.11,0.02997,0.11941
445.32,0.03028,0.11977
445.53,0.0306,0.12013
445.74,0.03092,0.12049
445.95,0.03124,0.12086
446.16,0.03156,0.12122
446.37,0.03189,0.12158
446.58,0.03222,0.12194
446.79,0.03255,0.1223
447,0.03288,0.12266
447.21,0.03323,0.12302
447.42,0.03357,0.12338
447.63,0.03392,0.12374
447.84,0.03426,0.1241
448.05,0.03461,0.12447
448.26,0.03496,0.12483
448.47,0.03532,0.12519
448.68,0.03568,0.12555
448.89,0.03604,0.12591
449.1,0.0364,0.12627
449.31,0.03678,0.12663
449.52,0.03715,0.12699
449.73,0.03752,0.12735
449.94,0.03789,0.12772
450.15,0.03828,0.12808
450.36,0.03866,0.12844
450.57,0.03905,0.1288
450.78,0.03944,0.12916
450.99,0.03983,0.12952
451.2,0.04023,0.12988
451.41,0.04063,0.13024
451.62,0.04104,0.1306
451.83,0.04144,0.13096
452.04,0.04185,0.13133
452.25,0.04227,0.13169
452.46,0.04269,0.13205
452.67,0.04311,0.13241
452.87,0.04351,0.13275
453.08,0.04393,0.13311
453.29,0.04437,0.13347
453.5,0.0448,0.13384
453.71,0.04524,0.1342
453.92,0.04568,0.13456
454.13,0.04612,0.13492
454.34,0.04658,0.13528
454.55,0.04703,0.13564
454.76,0.04748,0.136
454.97,0.04794,0.13636
455.18,0.0484,0.13672
455.39,0.04888,0.13708
455.6,0.04935,0.13745
455.81,0.04982,0.13781
456.01,0.05027,0.13815
456.22,0.05076,0.13851
456.43,0.05125,0.13887
456.64,0.05173,0.13923
456.85,0.05222,0.13959
457.06,0.05272,0.13996
457.27,0.05322,0.14032
457.48,0.05373,0.14068
457.69,0.05423,0.14104
457.9,0.05474,0.1414
458.11,0.05525,0.14176
458.32,0.05577,0.14212
458.52,0.05627,0.14247
458.73,0.05679,0.14283
458.94,0.05731,0.14319
459.15,0.05784,0.14355
459.36,0.05837,0.14391
459.57,0.05891,0.14427
459.78,0.05944,0.14463
459.99,0.05997,0.14499
460.2,0.06052,0.14535
460.41,0.06107,0.14571
460.61,0.06159,0.14606
460.82,0.06213,0.14642
461.03,0.06268,0.14678
461.24,0.06324,0.14714
461.45,0.06381,0.1475
461.66,0.06437,0.14786
461.87,0.06493,0.14822
462.08,0.0655,0.14859
462.29,0.06608,0.14895
462.49,0.06663,0.14929
462.7,0.06721,0.14965
462.91,0.06779,0.15001
463.12,0.06839,0.15037
463.33,0.06899,0.15073
463.54,0.06959,0.1511
463.75,0.07019,0.15146
463.95,0.07077,0.1518
464.16,0.07139,0.15216
464.37,0.07202,0.15252
464.58,0.07264,0.15288
464.79,0.07327,0.15324
465,0.0739,0.15361
465.21,0.07455,0.15397
465.42,0.07521,0.15433
465.62,0.07583,0.15467
465.83,0.07649,0.15503
466.04,0.07715,0.15539
466.25,0.07783,0.15575
466.46,0.07851,0.15612
466.67,0.07919,0.15648
466.87,0.07984,0.15682
467.08,0.08054,0.15718
467.29,0.08125,0.15754
467.5,0.08197,0.1579
467.71,0.08268,0.15826
467.92,0.08339,0.15863
468.13,0.08413,0.15899
468.33,0.08484,0.15933
468.54,0.08559,0.15969
468.75,0.08634,0.16005
468.96,0.08709,0.16041
469.17,0.08787,0.16077
469.38,0.08866,0.16114
469.58,0.08941,0.16148
469.79,0.09019,0.16184
470,0.09098,0.1622
470.21,0.09181,0.16256
470.42,0.09263,0.16292
470.62,0.09342,0.16327
470.83,0.09425,0.16363
471.04,0.09508,0.16399
471.25,0.09595,0.16435
471.46,0.09682,0.16471
471.67,0.09768,0.16507
471.87,0.09851,0.16542
472.08,0.09939,0.16578
472.29,0.1003,0.16614
472.5,0.10121,0.1665
472.71,0.10211,0.16686
472.91,0.10298,0.1672
473.12,0.10391,0.16757
473.33,0.10486,0.16793
473.54,0.10581,0.16829
473.75,0.10676,0.16865
473.95,0.10766,0.16899
474.16,0.10864,0.16935
474.37,0.10963,0.16971
474.58,0.11062,0.17008
474.79,0.11161,0.17044
474.99,0.11255,0.17078
475.2,0.11359,0.17114
475.41,0.11462,0.1715
475.62,0.11566,0.17186
475.82,0.11664,0.17221
476.03,0.11769,0.17257
476.24,0.11877,0.17293
476.45,0.11985,0.17329
476.66,0.12093,0.17365
476.86,0.12195,0.17399
477.07,0.12305,0.17436
477.28,0.12416,0.17472
477.49,0.12528,0.17508
477.69,0.12634,0.17542
477.9,0.12746,0.17578
478.11,0.12859,0.17614
478.32,0.12974,0.1765
478.53,0.13089,0.17687
478.73,0.13198,0.17721
478.94,0.13313,0.17757
479.15,0.13429,0.17793
479.36,0.13546,0.17829
479.56,0.13657,0.17864
479.77,0.13774,0.179
479.98,0.13891,0.17936
480.19,0.14009,0.17972
480.39,0.14123,0.18006
480.6,0.14241,0.18042
480.81,0.1436,0.18079
481.02,0.14479,0.18115
481.22,0.14595,0.18149
481.43,0.14717,0.18185
481.64,0.14838,0.18221
481.85,0.1496,0.18257
482.05,0.15077,0.18292
482.26,0.15203,0.18328
482.47,0.15329,0.18364
482.67,0.15448,0.18398
482.88,0.15574,0.18434
483.09,0.15702,0.18471
483.3,0.15834,0.18507
483.5,0.15959,0.18541
483.71,0.1609,0.18577
483.92,0.16222,0.18613
484.13,0.16357,0.18649
484.33,0.16489,0.18684
484.54,0.16627,0.1872
484.75,0.16765,0.18756
484.95,0.16897,0.1879
485.16,0.17041,0.18826
485.37,0.17187,0.18862
485.58,0.17333,0.18899
485.78,0.17472,0.18933
485.99,0.17617,0.18969
486.2,0.17771,0.19005
486.4,0.17917,0.1904
486.61,0.18071,0.19076
486.82,0.18224,0.19112
487.03,0.18379,0.19148
487.23,0.18533,0.19182
487.44,0.18695,0.19218
487.65,0.18857,0.19254
487.85,0.19012,0.19289
488.06,0.19176,0.19325
488.27,0.19347,0.19361
488.47,0.1951,0.19395
488.68,0.19681,0.19432
488.89,0.19852,0.19468
489.09,0.20019,0.19502
489.3,0.202,0.19538
489.51,0.20381,0.19574
489.72,0.20561,0.1961
489.92,0.20733,0.19645
490.13,0.2092,0.19681
490.34,0.21111,0.19717
490.54,0.21293,0.19751
490.75,0.21484,0.19787
490.96,0.21676,0.19824
491.16,0.21866,0.19858
491.37,0.22068,0.19894
491.58,0.2227,0.1993
491.78,0.22462,0.19964
491.99,0.22664,0.20001
492.2,0.22876,0.20037
492.4,0.23078,0.20071
492.61,0.23291,0.20107
492.82,0.23504,0.20143
493.02,0.23707,0.20178
493.23,0.2393,0.20214
493.44,0.24153,0.2025
493.64,0.24366,0.20284
493.85,0.24589,0.2032
494.06,0.24815,0.20356
494.26,0.25037,0.20391
494.47,0.25271,0.20427
494.67,0.25493,0.20461
494.88,0.25727,0.20497
495.09,0.25964,0.20534
495.29,0.26196,0.20568
495.5,0.26439,0.20604
495.71,0.26683,0.2064
495.91,0.26914,0.20674
496.12,0.27164,0.20711
496.33,0.27418,0.20747
496.53,0.2766,0.20781
496.74,0.27915,0.20817
496.94,0.28157,0.20852
497.15,0.28421,0.20888
497.36,0.28689,0.20924
497.56,0.28944,0.20958
497.77,0.29212,0.20994
497.98,0.2948,0.2103
498.18,0.29749,0.21065
498.39,0.30033,0.21101
498.59,0.30303,0.21135
498.8,0.30587,0.21171
499.01,0.30872,0.21207
499.21,0.31161,0.21242
499.42,0.31464,0.21278
499.63,0.31766,0.21314
499.83,0.32055,0.21348
500.04,0.32362,0.21385
500.24,0.3267,0.21419
500.45,0.32993,0.21455
500.66,0.33317,0.21491
500.86,0.33625,0.21525
501.07,0.33954,0.21562
501.27,0.3428,0.21596
501.48,0.34622,0.21632
501.69,0.34964,0.21668
501.89,0.35289,0.21703
502.1,0.35639,0.21739
502.3,0.35979,0.21773
502.51,0.36336,0.21809
502.72,0.36694,0.21845
502.92,0.37034,0.2188
503.13,0.37399,0.21916
503.33,0.3775,0.2195
503.54,0.3812,0.21986
503.74,0.38471,0.22021
503.95,0.38841,0.22057
504.16,0.39217,0.22093
504.36,0.39577,0.22127
504.57,0.39955,0.22163
504.77,0.40316,0.22198
504.98,0.40694,0.22234
505.18,0.4106,0.22268
505.39,0.41445,0.22304
505.6,0.4183,0.2234
505.8,0.42196,0.22375
506.01,0.42582,0.22411
506.21,0.42955,0.22445
506.42,0.43348,0.22481
506.62,0.43721,0.22516
506.83,0.44113,0.22552
507.04,0.44507,0.22588
507.24,0.44889,0.22622
507.45,0.4529,0.22658
507.65,0.45671,0.22693
507.86,0.46072,0.22729
508.06,0.46457,0.22763
508.27,0.46867,0.22799
508.47,0.47258,0.22834
508.68,0.47669,0.2287
508.88,0.48059,0.22904
509.09,0.48474,0.2294
509.3,0.48896,0.22976
509.5,0.49297,0.23011
509.71,0.49718,0.23047
509.91,0.50119,0.23081
510.12,0.50547,0.23117
510.32,0.50958,0.23152
510.53,0.5139,0.23188
510.73,0.51802,0.23222
510.94,0.52234,0.23258
511.14,0.5265,0.23293
511.35,0.5309,0.23329
511.55,0.53509,0.23363
511.76,0.53949,0.23399
511.96,0.54367,0.23434
512.17,0.54811,0.2347
512.37,0.55235,0.23504
512.58,0.5568,0.2354
512.78,0.56103,0.23575
512.99,0.56548,0.23611
513.2,0.56995,0.23647
513.4,0.5742,0.23681
513.61,0.57867,0.23717
513.81,0.58292,0.23752
514.02,0.58739,0.23788
514.22,0.59164,0.23822
514.43,0.5961,0.23858
514.63,0.60034,0.23893
514.84,0.6048,0.23929
515.04,0.60905,0.23963
515.25,0.61349,0.23999
515.45,0.61772,0.24034
515.66,0.62216,0.2407
515.86,0.62639,0.24104
516.07,0.63081,0.2414
516.27,0.63501,0.24175
516.47,0.6392,0.24209
516.68,0.6436,0.24245
516.88,0.64779,0.2428
517.09,0.65216,0.24316
517.29,0.65627,0.2435
517.5,0.66059,0.24386
517.7,0.6647,0.24421
517.91,0.66902,0.24457
518.11,0.67307,0.24491
518.32,0.67726,0.24527
518.52,0.68126,0.24562
518.73,0.68545,0.24598
518.93,0.68944,0.24632
519.14,0.69352,0.24668
519.34,0.69736,0.24702
519.55,0.70138,0.24739
519.75,0.70521,0.24773
519.96,0.70923,0.24809
520.16,0.71291,0.24843
520.36,0.71655,0.24878
520.57,0.72037,0.24914
520.77,0.724,0.24948
520.98,0.72782,0.24984
521.18,0.7313,0.25019
521.39,0.73492,0.25055
521.59,0.73838,0.25089
521.8,0.74201,0.25125
522,0.74546,0.2516
522.21,0.74893,0.25196
522.41,0.75223,0.2523
522.61,0.75553,0.25265
522.82,0.759,0.25301
523.02,0.76229,0.25335
523.23,0.76562,0.25371
523.43,0.76879,0.25406
523.64,0.77212,0.25442
523.84,0.7753,0.25476
524.04,0.77845,0.2551
524.25,0.78168,0.25547
524.45,0.78475,0.25581
524.66,0.78798,0.25617
524.86,0.79105,0.25651
525.07,0.79424,0.25688
525.27,0.79723,0.25722
525.47,0.80021,0.25756
525.68,0.80334,0.25792
525.88,0.80632,0.25827
526.09,0.80941,0.25863
526.29,0.81228,0.25897
526.49,0.81516,0.25932
526.7,0.81818,0.25968
526.9,0.82106,0.26002
527.11,0.82402,0.26038
527.31,0.82678,0.26073
527.52,0.82968,0.26109
527.72,0.83244,0.26143
527.92,0.8352,0.26178
528.13,0.83802,0.26214
528.33,0.84066,0.26248
528.54,0.84343,0.26284
528.74,0.84606,0.26318
528.94,0.8487,0.26353
529.15,0.85137,0.26389
529.35,0.85387,0.26423
529.55,0.85637,0.26458
529.76,0.859,0.26494
529.96,0.8615,0.26528
530.17,0.86401,0.26564
530.37,0.86637,0.26599
530.57,0.86873,0.26633
530.78,0.87121,0.26669
530.98,0.87357,0.26704
531.19,0.87593,0.2674
531.39,0.87816,0.26774
531.59,0.88039,0.26808
531.8,0.88273,0.26845
532,0.88496,0.26879
532.2,0.88707,0.26913
532.41,0.88928,0.26949
532.61,0.89139,0.26984
532.82,0.8936,0.2702
533.02,0.89569,0.27054
533.22,0.89768,0.27089
533.43,0.89977,0.27125
533.63,0.90176,0.27159
533.83,0.90375,0.27194
534.04,0.90582,0.2723
534.24,0.9077,0.27264
534.44,0.90958,0.27298
534.65,0.91156,0.27335
534.85,0.91344,0.27369
535.05,0.91529,0.27403
535.26,0.91716,0.27439
535.46,0.91894,0.27474
535.66,0.92071,0.27508
535.87,0.92258,0.27544
536.07,0.92432,0.27579
536.27,0.92599,0.27613
536.48,0.92775,0.27649
536.68,0.92942,0.27683
536.89,0.93117,0.2772
537.09,0.9328,0.27754
537.29,0.93436,0.27788
537.49,0.93593,0.27823
537.7,0.93757,0.27859
537.9,0.93914,0.27893
538.1,0.94065,0.27928
538.31,0.94219,0.27964
538.51,0.94365,0.27998
538.71,0.94511,0.28032
538.92,0.94664,0.28069
539.12,0.94804,0.28103
539.32,0.94939,0.28137
539.53,0.95082,0.28173
539.73,0.95217,0.28208
539.93,0.95353,0.28242
540.14,0.95488,0.28278
540.34,0.95613,0.28313
540.54,0.95738,0.28347
540.75,0.95869,0.28383
540.95,0.95994,0.28418
541.15,0.96112,0.28452
541.35,0.96227,0.28486
541.56,0.96348,0.28522
541.76,0.96463,0.28557
541.96,0.96578,0.28591
542.17,0.9669,0.28627
542.37,0.96795,0.28662
542.57,0.969,0.28696
542.78,0.9701,0.28732
542.98,0.97116,0.28767
543.18,0.97212,0.28801
543.38,0.97307,0.28835
543.59,0.97407,0.28871
543.79,0.97502,0.28906
543.99,0.97597,0.2894
544.2,0.97688,0.28976
544.4,0.97773,0.29011
544.6,0.97859,0.29045
544.8,0.97944,0.29079
545.01,0.98034,0.29116
545.21,0.9811,0.2915
545.41,0.98185,0.29184
545.61,0.98261,0.29219
545.82,0.98341,0.29255
546.02,0.98416,0.29289
546.22,0.98482,0.29324
546.43,0.98552,0.2936
546.63,0.98619,0.29394
546.83,0.98685,0.29428
547.03,0.98751,0.29463
547.24,0.98811,0.29499
547.44,0.98869,0.29533
547.64,0.98927,0.29568
547.84,0.98985,0.29602
548.05,0.99044,0.29638
548.25,0.99094,0.29673
548.45,0.99144,0.29707
548.65,0.99194,0.29741
548.86,0.99246,0.29777
549.06,0.99294,0.29812
549.26,0.99337,0.29846
549.46,0.9938,0.29881
549.67,0.99424,0.29917
549.87,0.99467,0.29951
550.07,0.99507,0.29985
550.27,0.99543,0.3002
550.47,0.99578,0.30054
550.68,0.99615,0.3009
550.88,0.9965,0.30125
551.08,0.99682,0.30159
551.28,0.9971,0.30193
551.49,0.99739,0.3023
551.69,0.99767,0.30264
551.89,0.99795,0.30298
552.09,0.99819,0.30333
552.29,0.99839,0.30367
552.5,0.99861,0.30403
552.7,0.99881,0.30438
552.9,0.99901,0.30472
553.1,0.99918,0.30506
553.31,0.99931,0.30542
553.51,0.99944,0.30577
553.71,0.99956,0.30611
553.91,0.99969,0.30646
554.11,0.99978,0.3068
554.32,0.99983,0.30716
554.52,0.99988,0.3075
554.72,0.99993,0.30785
554.92,0.99998,0.30819
555.12,0.99998,0.30854
555.33,0.99995,0.3089
555.53,0.99992,0.30924
555.73,0.9999,0.30958
555.93,0.99987,0.30993
556.13,0.99978,0.31027
556.34,0.99967,0.31063
556.54,0.99956,0.31098
556.74,0.99945,0.31132
556.94,0.99934,0.31167
557.14,0.99917,0.31201
557.34,0.99897,0.31235
557.55,0.99877,0.31271
557.75,0.99857,0.31306
557.95,0.99837,0.3134
558.15,0.99811,0.31375
558.35,0.99783,0.31409
558.55,0.99754,0.31443
558.76,0.99724,0.31479
558.96,0.99696,0.31514
559.16,0.99659,0.31548
559.36,0.99622,0.31583
559.56,0.99584,0.31617
559.76,0.99546,0.31651
559.97,0.99506,0.31687
560.17,0.99459,0.31722
560.37,0.99411,0.31756
560.57,0.99363,0.31791
560.77,0.99315,0.31825
560.97,0.99267,0.31859
561.18,0.99209,0.31895
561.38,0.99151,0.3193
561.58,0.99094,0.31964
561.78,0.99037,0.31999
561.98,0.9898,0.32033
562.18,0.98915,0.32067
562.38,0.98849,0.32102
562.59,0.9878,0.32138
562.79,0.98714,0.32172
562.99,0.98648,0.32207
563.19,0.98574,0.32241
563.39,0.98499,0.32275
563.59,0.98425,0.3231
563.79,0.98351,0.32344
563.99,0.98276,0.32379
564.2,0.9819,0.32415
564.4,0.98107,0.32449
564.6,0.98025,0.32483
564.8,0.97942,0.32518
565,0.9786,0.32552
565.2,0.9777,0.32587
565.4,0.97679,0.32621
565.6,0.97589,0.32655
565.81,0.97494,0.32691
566.01,0.97403,0.32726
566.21,0.97305,0.3276
566.41,0.97207,0.32795
566.61,0.97109,0.32829
566.81,0.9701,0.32863
567.01,0.96912,0.32898
567.21,0.96806,0.32932
567.41,0.96699,0.32966
567.62,0.96588,0.33003
567.82,0.96481,0.33037
568.02,0.96374,0.33071
568.22,0.9626,0.33106
568.42,0.96145,0.3314
568.62,0.96031,0.33174
568.82,0.95916,0.33209
569.02,0.95801,0.33243
569.22,0.95679,0.33278
569.42,0.95556,0.33312
569.62,0.95433,0.33346
569.83,0.95304,0.33383
570.03,0.9518,0.33417
570.23,0.95049,0.33451
570.43,0.94918,0.33486
570.63,0.94787,0.3352
570.83,0.94656,0.33554
571.03,0.94524,0.33589
571.23,0.94385,0.33623
571.43,0.94246,0.33658
571.63,0.94107,0.33692
571.83,0.93968,0.33726
572.03,0.93828,0.33761
572.23,0.93681,0.33795
572.44,0.93527,0.33831
572.64,0.9338,0.33866
572.84,0.93234,0.339
573.04,0.93085,0.33934
573.24,0.92931,0.33969
573.44,0.92777,0.34003
573.64,0.92623,0.34038
573.84,0.92469,0.34072
574.04,0.92314,0.34106
574.24,0.92152,0.34141
574.44,0.91991,0.34175
574.64,0.9183,0.34209
574.84,0.91669,0.34244
575.04,0.91506,0.34278
575.24,0.91339,0.34313
575.44,0.91171,0.34347
575.64,0.91003,0.34381
575.84,0.90835,0.34416
576.04,0.90666,0.3445
576.24,0.90491,0.34484
576.44,0.90317,0.34519
576.64,0.90142,0.34553
576.85,0.89959,0.34589
577.05,0.89782,0.34624
577.25,0.89601,0.34658
577.45,0.89419,0.34693
577.65,0.89238,0.34727
577.85,0.89057,0.34761
578.05,0.88873,0.34796
578.25,0.88685,0.3483
578.45,0.88496,0.34864
578.65,0.88308,0.34899
578.85,0.8812,0.34933
579.05,0.87929,0.34968
579.25,0.87734,0.35002
579.45,0.87538,0.35036
579.65,0.87342,0.35071
579.85,0.87147,0.35105
580.05,0.86949,0.35139
580.25,0.86747,0.35174
580.45,0.86544,0.35208
580.65,0.86341,0.35243
580.85,0.86138,0.35277
581.05,0.85934,0.35311
581.25,0.85724,0.35346
581.45,0.85515,0.3538
581.65,0.85306,0.35415
581.85,0.85096,0.35449
582.05,0.84885,0.35483
582.25,0.8467,0.35518
582.45,0.84455,0.35552
582.65,0.84239,0.35586
582.85,0.84024,0.35621
583.05,0.83807,0.35655
583.25,0.83586,0.3569
583.45,0.83365,0.35724
583.65,0.83145,0.35758
583.85,0.82924,0.35793
584.05,0.82702,0.35827
584.25,0.82476,0.35862
584.44,0.82262,0.35894
584.64,0.82036,0.35929
584.84,0.81811,0.35963
585.04,0.81584,0.35997
585.24,0.81354,0.36032
585.44,0.81124,0.36066
585.64,0.80894,0.361
585.84,0.80664,0.36135
586.04,0.80433,0.36169
586.24,0.80198,0.36204
586.44,0.79964,0.36238
586.64,0.7973,0.36272
586.84,0.79496,0.36307
587.04,0.79261,0.36341
587.24,0.79023,0.36376
587.44,0.78785,0.3641
587.64,0.78547,0.36444
587.84,0.78309,0.36479
588.04,0.78071,0.36513
588.24,0.7783,0.36547
588.44,0.7759,0.36582
588.64,0.77349,0.36616
588.83,0.7712,0.36649
589.03,0.76879,0.36683
589.23,0.76636,0.36718
589.43,0.76393,0.36752
589.63,0.7615,0.36786
589.83,0.75907,0.36821
590.03,0.75663,0.36855
590.23,0.75418,0.3689
590.43,0.75173,0.36924
590.63,0.74929,0.36958
590.83,0.74684,0.36993
591.03,0.74438,0.37027
591.23,0.74192,0.37062
591.42,0.73957,0.37094
591.62,0.73711,0.37129
591.82,0.73464,0.37163
592.02,0.73217,0.37197
592.22,0.72969,0.37232
592.42,0.72721,0.37266
592.62,0.72472,0.373
592.82,0.72224,0.37335
593.02,0.71975,0.37369
593.22,0.71725,0.37404
593.42,0.71475,0.37438
593.61,0.71237,0.37471
593.81,0.70987,0.37505
594.01,0.70737,0.37539
594.21,0.70485,0.37574
594.41,0.70233,0.37608
594.61,0.69981,0.37643
594.81,0.69729,0.37677
595.01,0.69477,0.37711
595.21,0.69224,0.37746
595.4,0.68983,0.37778
595.6,0.68729,0.37813
595.8,0.68476,0.37847
596,0.68222,0.37882
596.2,0.67967,0.37916
596.4,0.67712,0.3795
596.6,0.67457,0.37985
596.8,0.67202,0.38019
596.99,0.6696,0.38052
597.19,0.66704,0.38086
597.39,0.66448,0.38121
597.59,0.66192,0.38155
597.79,0.65936,0.38189
597.99,0.6568,0.38224
598.19,0.65424,0.38258
598.39,0.65167,0.38292
598.58,0.64923,0.38325
598.78,0.64667,0.38359
598.98,0.6441,0.38394
599.18,0.64153,0.38428
599.38,0.63896,0.38463
599.58,0.63639,0.38497
599.78,0.63383,0.38531
599.97,0.63139,0.38564
600.17,0.62882,0.38598
600.37,0.62625,0.38633
600.57,0.62368,0.38667
600.77,0.62111,0.38702
600.97,0.61854,0.38736
601.16,0.6161,0.38769
601.36,0.61353,0.38803
601.56,0.61096,0.38837
601.76,0.6084,0.38872
601.96,0.60583,0.38906
602.16,0.60326,0.38941
602.35,0.60082,0.38973
602.55,0.59825,0.39008
602.75,0.59569,0.39042
602.95,0.59312,0.39076
603.15,0.59055,0.39111
603.35,0.58798,0.39145
603.54,0.58554,0.39178
603.74,0.58298,0.39212
603.94,0.58041,0.39247
604.14,0.57784,0.39281
604.34,0.57527,0.39315
604.53,0.57283,0.39348
604.73,0.57027,0.39382
604.93,0.5677,0.39417
605.13,0.56513,0.39451
605.33,0.56256,0.39486
605.53,0.56,0.3952
605.72,0.55756,0.39553
605.92,0.55499,0.39587
606.12,0.55242,0.39621
606.32,0.54986,0.39656
606.52,0.54729,0.3969
606.71,0.54486,0.39723
606.91,0.54229,0.39757
607.11,0.53973,0.39792
607.31,0.53717,0.39826
607.5,0.53474,0.39859
607.7,0.53219,0.39893
607.9,0.52963,0.39927
608.1,0.52708,0.39962
608.3,0.52454,0.39996
608.49,0.52212,0.40029
608.69,0.51958,0.40063
608.89,0.51703,0.40098
609.09,0.5145,0.40132
609.29,0.51197,0.40166
609.48,0.50957,0.40199
609.68,0.50704,0.40233
609.88,0.50452,0.40268
610.08,0.502,0.40302
610.27,0.49962,0.40335
610.47,0.49711,0.40369
610.67,0.4946,0.40404
610.87,0.4921,0.40438
611.06,0.48972,0.40471
611.26,0.48723,0.40505
611.46,0.48475,0.40539
611.66,0.48226,0.40574
611.85,0.4799,0.40606
612.05,0.47741,0.40641
612.25,0.47494,0.40675
612.45,0.47247,0.4071
612.64,0.47012,0.40742
612.84,0.46765,0.40777
613.04,0.46519,0.40811
613.24,0.46273,0.40845
613.43,0.4604,0.40878
613.63,0.45794,0.40912
613.83,0.45549,0.40947
614.03,0.45304,0.40981
614.22,0.45072,0.41014
614.42,0.44828,0.41048
614.62,0.44584,0.41083
614.82,0.4434,0.41117
615.01,0.44108,0.4115
615.21,0.43865,0.41184
615.41,0.43623,0.41218
615.6,0.43393,0.41251
615.8,0.4315,0.41285
616,0.42908,0.4132
616.2,0.42667,0.41354
616.39,0.42438,0.41387
616.59,0.42197,0.41421
616.79,0.41957,0.41456
616.98,0.41728,0.41488
617.18,0.41488,0.41523
617.38,0.41247,0.41557
617.58,0.41007,0.41591
617.77,0.40779,0.41624
617.97,0.40539,0.41659
618.17,0.40299,0.41693
618.36,0.40071,0.41726
618.56,0.39831,0.4176
618.76,0.39591,0.41794
618.96,0.39351,0.41829
619.15,0.39123,0.41861
619.35,0.38882,0.41896
619.55,0.38641,0.4193
619.74,0.38413,0.41963
619.94,0.38172,0.41997
620.14,0.37931,0.42032
620.33,0.37701,0.42064
620.53,0.3746,0.42099
620.73,0.37218,0.42133
620.92,0.36988,0.42166
621.12,0.36747,0.422
621.32,0.36505,0.42234
621.51,0.36275,0.42267
621.71,0.36033,0.42301
621.91,0.35792,0.42336
622.1,0.35562,0.42369
622.3,0.35321,0.42403
622.5,0.3508,0.42437
622.7,0.34839,0.42472
622.89,0.3461,0.42504
623.09,0.3437,0.42539
623.28,0.34143,0.42571
623.48,0.33904,0.42606
623.68,0.33664,0.4264
623.87,0.33437,0.42673
624.07,0.33199,0.42707
624.27,0.32963,0.42742
624.46,0.32738,0.42774
624.66,0.32502,0.42809
624.86,0.32265,0.42843
625.05,0.32042,0.42876
625.25,0.31808,0.4291
625.45,0.31575,0.42944
625.64,0.31354,0.42977
625.84,0.3112,0.43012
626.04,0.30888,0.43046
626.23,0.3067,0.43079
626.43,0.3044,0.43113
626.63,0.3021,0.43147
626.82,0.29992,0.4318
627.02,0.29763,0.43214
627.21,0.29549,0.43247
627.41,0.29324,0.43281
627.61,0.29098,0.43316
627.8,0.28884,0.43348
628,0.28659,0.43383
628.2,0.2844,0.43417
628.39,0.28232,0.4345
628.59,0.28012,0.43484
628.78,0.27804,0.43517
628.98,0.27584,0.43551
629.18,0.27371,0.43586
629.37,0.27169,0.43618
629.57,0.26957,0.43653
629.76,0.26755,0.43685
629.96,0.26542,0.4372
630.16,0.26336,0.43754
630.35,0.26142,0.43787
630.55,0.25937,0.43821
630.75,0.25732,0.43856
630.94,0.25538,0.43888
631.14,0.25338,0.43923
631.33,0.2515,0.43955
631.53,0.24953,0.4399
631.72,0.24765,0.44022
631.92,0.24568,0.44057
632.12,0.24374,0.44091
632.31,0.24193,0.44124
632.51,0.24002,0.44158
632.7,0.2382,0.44191
632.9,0.23629,0.44225
633.1,0.23441,0.4426
633.29,0.23264,0.44292
633.49,0.23079,0.44327
633.68,0.22902,0.44359
633.88,0.22717,0.44394
634.08,0.22533,0.44428
634.27,0.22361,0.44461
634.47,0.2218,0.44495
634.66,0.22008,0.44528
634.86,0.21827,0.44562
635.05,0.21656,0.44595
635.25,0.21479,0.44629
635.44,0.21311,0.44662
635.64,0.21134,0.44696
635.84,0.20958,0.44731
636.03,0.2079,0.44763
636.23,0.20618,0.44798
636.42,0.20454,0.4483
636.62,0.20282,0.44865
636.81,0.20119,0.44897
637.01,0.19946,0.44932
637.2,0.19787,0.44964
637.4,0.19619,0.44999
637.6,0.19451,0.45033
637.79,0.19292,0.45066
637.99,0.19124,0.451
638.18,0.18968,0.45133
638.38,0.18805,0.45167
638.57,0.18649,0.452
638.77,0.18486,0.45234
638.96,0.1833,0.45267
639.16,0.1817,0.45301
639.35,0.18018,0.45334
639.55,0.17859,0.45368
639.75,0.17699,0.45403
639.94,0.17548,0.45436
640.14,0.17391,0.4547
640.33,0.17243,0.45503
640.53,0.17088,0.45537
640.72,0.1694,0.4557
640.92,0.16785,0.45604
641.11,0.16639,0.45637
641.31,0.16487,0.45671
641.5,0.16343,0.45704
641.7,0.16192,0.45738
641.89,0.16048,0.45771
642.09,0.15898,0.45805
642.28,0.15758,0.45838
642.48,0.15611,0.45872
642.67,0.15471,0.45905
642.87,0.15324,0.45939
643.06,0.15185,0.45972
643.26,0.15042,0.46006
643.45,0.14906,0.46039
643.65,0.14763,0.46073
643.84,0.14627,0.46106
644.04,0.14485,0.4614
644.23,0.14353,0.46173
644.43,0.14215,0.46207
644.62,0.14083,0.4624
644.82,0.13945,0.46274
645.01,0.13813,0.46307
645.21,0.13679,0.46342
645.4,0.13552,0.46374
645.6,0.13418,0.46409
645.79,0.13291,0.46441
645.99,0.13157,0.46476
646.18,0.13033,0.46508
646.38,0.12904,0.46543
646.57,0.12781,0.46575
646.77,0.12651,0.4661
646.96,0.12528,0.46642
647.15,0.12409,0.46675
647.35,0.12284,0.46709
647.54,0.12165,0.46742
647.74,0.1204,0.46776
647.93,0.11922,0.46809
648.13,0.118,0.46844
648.32,0.11686,0.46876
648.52,0.11565,0.46911
648.71,0.11451,0.46943
648.91,0.11331,0.46978
649.1,0.11219,0.4701
649.29,0.1111,0.47043
649.49,0.10994,0.47077
649.68,0.10885,0.4711
649.88,0.10769,0.47144
650.07,0.10661,0.47177
650.27,0.10551,0.47211
650.46,0.10446,0.47244
650.66,0.10335,0.47278
650.85,0.1023,0.47311
651.04,0.10126,0.47344
651.24,0.10021,0.47378
651.43,0.0992,0.47411
651.63,0.09815,0.47445
651.82,0.09714,0.47478
652.02,0.09609,0.47512
652.21,0.09512,0.47545
652.4,0.09416,0.47578
652.6,0.09315,0.47612
652.79,0.09219,0.47645
652.99,0.09117,0.47679
653.18,0.09025,0.47712
653.38,0.08928,0.47746
653.57,0.08835,0.47779
653.76,0.08743,0.47811
653.96,0.08646,0.47846
654.15,0.08557,0.47878
654.35,0.08463,0.47913
654.54,0.08375,0.47945
654.73,0.08286,0.47978
654.93,0.08193,0.48013
655.12,0.08106,0.48045
655.32,0.08017,0.4808
655.51,0.07932,0.48112
655.7,0.07846,0.48145
655.9,0.07757,0.48179
656.09,0.07673,0.48212
656.29,0.07588,0.48246
656.48,0.07506,0.48279
656.67,0.07424,0.48312
656.87,0.07338,0.48346
657.06,0.07258,0.48379
657.26,0.07176,0.48413
657.45,0.07097,0.48446
657.64,0.07019,0.48478
657.84,0.06937,0.48513
658.03,0.06859,0.48545
658.23,0.0678,0.4858
658.42,0.06706,0.48613
658.61,0.06631,0.48645
658.81,0.06552,0.4868
659,0.06477,0.48712
659.19,0.06405,0.48745
659.39,0.0633,0.48779
659.58,0.06258,0.48812
659.77,0.06187,0.48845
659.97,0.06111,0.48879
660.16,0.06042,0.48912
660.36,0.0597,0.48946
660.55,0.05902,0.48979
660.74,0.05833,0.49011
660.94,0.05761,0.49046
661.13,0.05695,0.49078
661.32,0.0563,0.49111
661.52,0.05561,0.49145
661.71,0.05495,0.49178
661.9,0.0543,0.49211
662.1,0.05363,0.49245
662.29,0.053,0.49278
662.48,0.05238,0.49311
662.68,0.05172,0.49345
662.87,0.0511,0.49378
663.06,0.05049,0.4941
663.26,0.04986,0.49445
663.45,0.04927,0.49477
663.64,0.04867,0.4951
663.84,0.04805,0.49544
664.03,0.04746,0.49577
664.22,0.0469,0.4961
664.42,0.0463,0.49644
664.61,0.04574,0.49677
664.8,0.04517,0.49709
665,0.04458,0.49744
665.19,0.04404,0.49776
665.38,0.04351,0.49809
665.58,0.04294,0.49843
665.77,0.04241,0.49876
665.96,0.04187,0.49909
666.16,0.04133,0.49943
666.35,0.04082,0.49976
666.54,0.04031,0.50008
666.74,0.03978,0.50043
666.93,0.03927,0.50076
667.12,0.03878,0.50108
667.31,0.0383,0.50141
667.51,0.0378,0.50175
667.7,0.03732,0.50208
667.89,0.03684,0.50241
668.09,0.03635,0.50275
668.28,0.0359,0.50308
668.47,0.03545,0.5034
668.67,0.03498,0.50375
668.86,0.03453,0.50407
669.05,0.03409,0.5044
669.24,0.03367,0.50473
669.44,0.03323,0.50507
669.63,0.03281,0.5054
669.82,0.0324,0.50572
670.01,0.03198,0.50605
670.21,0.03157,0.50639
670.4,0.03119,0.50672
670.59,0.0308,0.50705
670.79,0.03039,0.50739
670.98,0.03,0.50772
671.17,0.02964,0.50804
671.36,0.02928,0.50837
671.56,0.02891,0.50872
671.75,0.02855,0.50904
671.94,0.02819,0.50937
672.13,0.02785,0.50969
672.33,0.0275,0.51004
672.52,0.02717,0.51037
672.71,0.02684,0.51069
672.9,0.0265,0.51102
673.1,0.02617,0.51136
673.29,0.02586,0.51169
673.48,0.02555,0.51202
673.67,0.02524,0.51234
673.87,0.02492,0.51269
674.06,0.02462,0.51301
674.25,0.02433,0.51334
674.44,0.02404,0.51367
674.64,0.02374,0.51401
674.83,0.02346,0.51434
675.02,0.02317,0.51466
675.21,0.02291,0.51499
675.41,0.02263,0.51533
675.6,0.02236,0.51566
675.79,0.02209,0.51599
675.98,0.02183,0.51631
676.18,0.02157,0.51666
676.37,0.02132,0.51698
676.56,0.02107,0.51731
676.75,0.02083,0.51764
676.94,0.02058,0.51796
677.14,0.02033,0.51831
677.33,0.0201,0.51863
677.52,0.01987,0.51896
677.71,0.01963,0.51929
677.91,0.01939,0.51963
678.1,0.01917,0.51996
678.29,0.01894,0.52028
678.48,0.01872,0.52061
678.67,0.0185,0.52094
678.87,0.01827,0.52128
679.06,0.01805,0.52161
679.25,0.01784,0.52194
679.44,0.01763,0.52226
679.63,0.01741,0.52259
679.83,0.01719,0.52293
680.02,0.01698,0.52326
680.21,0.01677,0.52359
680.4,0.01656,0.52391
680.59,0.01635,0.52424
680.79,0.01613,0.52458
680.98,0.01593,0.52491
681.17,0.01572,0.52524
681.36,0.01552,0.52556
681.55,0.01532,0.52589
681.74,0.01511,0.52622
681.94,0.0149,0.52656
682.13,0.0147,0.52689
682.32,0.01451,0.52721
682.51,0.01431,0.52754
682.7,0.01412,0.52787
682.9,0.01391,0.52821
683.09,0.01372,0.52854
683.28,0.01354,0.52886
683.47,0.01335,0.52919
683.66,0.01317,0.52952
683.85,0.01298,0.52984
684.05,0.01279,0.53019
684.24,0.01262,0.53051
684.43,0.01244,0.53084
684.62,0.01227,0.53117
684.81,0.01209,0.53149
685,0.01192,0.53182
685.19,0.01176,0.53215
685.39,0.01159,0.53249
685.58,0.01143,0.53282
685.77,0.01126,0.53314
685.96,0.0111,0.53347
686.15,0.01095,0.5338
686.34,0.0108,0.53412
686.53,0.01065,0.53445
686.73,0.01049,0.53479
686.92,0.01034,0.53512
687.11,0.01019,0.53545
687.3,0.01005,0.53577
687.49,0.00991,0.5361
687.68,0.00977,0.53643
687.87,0.00963,0.53675
688.07,0.00949,0.5371
688.26,0.00935,0.53742
688.45,0.00922,0.53775
688.64,0.00909,0.53808
688.83,0.00896,0.5384
689.02,0.00883,0.53873
689.21,0.00871,0.53906
689.4,0.00859,0.53938
689.59,0.00847,0.53971
689.79,0.00834,0.54006
689.98,0.00822,0.54038
690.17,0.00811,0.54071
690.36,0.008,0.54104
690.55,0.00789,0.54136
690.74,0.00778,0.54169
690.93,0.00766,0.54202
691.12,0.00756,0.54234
691.31,0.00746,0.54267
691.51,0.00735,0.54301
691.7,0.00725,0.54334
691.89,0.00714,0.54367
692.08,0.00705,0.54399
692.27,0.00695,0.54432
692.46,0.00686,0.54465
692.65,0.00676,0.54497
692.84,0.00667,0.5453
693.03,0.00658,0.54563
693.22,0.00649,0.54595
693.41,0.00641,0.54628
693.6,0.00632,0.54661
693.8,0.00623,0.54695
693.99,0.00614,0.54728
694.18,0.00606,0.5476
694.37,0.00598,0.54793
694.56,0.00591,0.54826
694.75,0.00583,0.54858
694.94,0.00575,0.54891
695.13,0.00567,0.54924
695.32,0.0056,0.54956
695.51,0.00553,0.54989
695.7,0.00546,0.55022
695.89,0.00538,0.55054
696.08,0.00532,0.55087
696.27,0.00525,0.5512
696.46,0.00518,0.55152
696.66,0.00511,0.55187
696.85,0.00505,0.55219
697.04,0.00498,0.55252
697.23,0.00492,0.55285
697.42,0.00486,0.55317
697.61,0.0048,0.5535
697.8,0.00474,0.55383
697.99,0.00468,0.55415
698.18,0.00462,0.55448
698.37,0.00457,0.55481
698.56,0.00451,0.55513
698.75,0.00445,0.55546
698.94,0.0044,0.55579
699.13,0.00434,0.55611
699.32,0.00429,0.55644
699.51,0.00424,0.55677
699.7,0.00419,0.55709
699.89,0.00413,0.55742
700.08,0.00408,0.55775
700.27,0.00403,0.55807
700.46,0.00398,0.5584
700.65,0.00393,0.55873
700.84,0.00388,0.55905
701.03,0.00383,0.55938
701.22,0.00378,0.55971
701.41,0.00374,0.56003
701.6,0.00369,0.56036
701.79,0.00364,0.56069
701.98,0.00359,0.56101
702.17,0.00355,0.56134
702.36,0.0035,0.56167
702.55,0.00346,0.56199
702.74,0.00342,0.56232
702.93,0.00337,0.56264
703.12,0.00333,0.56297
703.31,0.00329,0.5633
703.5,0.00324,0.56362
703.69,0.0032,0.56395
703.88,0.00316,0.56428
704.07,0.00312,0.5646
704.26,0.00308,0.56493
704.45,0.00304,0.56526
704.64,0.003,0.56558
704.83,0.00296,0.56591
705.02,0.00293,0.56624
705.21,0.00289,0.56656
705.4,0.00285,0.56689
705.59,0.00282,0.56722
705.78,0.00278,0.56754
705.97,0.00274,0.56787
706.16,0.00271,0.5682
706.35,0.00268,0.56852
706.54,0.00264,0.56885
706.73,0.00261,0.56918
706.92,0.00257,0.5695
707.11,0.00254,0.56983
707.3,0.00251,0.57016
707.49,0.00248,0.57048
707.68,0.00245,0.57081
707.87,0.00241,0.57114
708.06,0.00238,0.57146
708.25,0.00235,0.57179
708.44,0.00232,0.57212
708.63,0.00229,0.57244
708.82,0.00227,0.57277
709.01,0.00224,0.5731
709.19,0.00221,0.57341
709.38,0.00218,0.57373
709.57,0.00215,0.57406
709.76,0.00213,0.57439
709.95,0.0021,0.57471
710.14,0.00207,0.57504
710.33,0.00205,0.57537
710.52,0.00202,0.57569
710.71,0.00199,0.57602
710.9,0.00197,0.57635
711.09,0.00194,0.57667
711.28,0.00192,0.577
711.47,0.00189,0.57733
711.66,0.00187,0.57765
711.85,0.00184,0.57798
712.03,0.00182,0.57829
712.22,0.0018,0.57862
712.41,0.00177,0.57894
712.6,0.00175,0.57927
712.79,0.00173,0.5796
712.98,0.00171,0.57992
713.17,0.00168,0.58025
713.36,0.00166,0.58058
713.55,0.00164,0.5809
713.74,0.00162,0.58123
713.93,0.0016,0.58156
714.11,0.00158,0.58187
714.3,0.00156,0.58219
714.49,0.00154,0.58252
714.68,0.00152,0.58285
714.87,0.0015,0.58317
715.06,0.00148,0.5835
715.25,0.00146,0.58383
715.44,0.00144,0.58415
715.63,0.00142,0.58448
715.82,0.0014,0.5848
716,0.00138,0.58511
716.19,0.00137,0.58544
716.38,0.00135,0.58577
716.57,0.00133,0.58609
716.76,0.00131,0.58642
716.95,0.0013,0.58675
717.14,0.00128,0.58707
717.33,0.00126,0.5874
717.51,0.00125,0.58771
717.7,0.00123,0.58804
717.89,0.00121,0.58836
718.08,0.0012,0.58869
718.27,0.00118,0.58902
718.46,0.00117,0.58934
718.65,0.00115,0.58967
718.84,0.00114,0.59
719.02,0.00112,0.59031
719.21,0.00111,0.59063
719.4,0.00109,0.59096
719.59,0.00108,0.59129
719.78,0.00106,0.59161
719.97,0.00105,0.59194
720.16,0.00104,0.59227
720.34,0.00102,0.59258
720.53,0.00101,0.5929
720.72,0.000996305,0.59323
720.91,0.000982927,0.59356
721.1,0.000970042,0.59388
721.29,0.0009576,0.59421
721.47,0.000945814,0.59452
721.66,0.000933372,0.59484
721.85,0.000920931,0.59517
722.04,0.00090867,0.5955
722.23,0.000897084,0.59582
722.42,0.000885499,0.59615
722.6,0.000874523,0.59646
722.79,0.000862938,0.59679
722.98,0.000851353,0.59711
723.17,0.000840461,0.59744
723.36,0.000829651,0.59777
723.55,0.000818841,0.59809
723.73,0.0008086,0.5984
723.92,0.00079779,0.59873
724.11,0.000787382,0.59906
724.3,0.000777267,0.59938
724.49,0.000767152,0.59971
724.67,0.000757569,0.60002
724.86,0.000747453,0.60035
725.05,0.000737504,0.60067
725.24,0.00072802,0.601
725.43,0.000718536,0.60133
725.61,0.00070955,0.60164
725.8,0.000700066,0.60196
725.99,0.000690582,0.60229
726.18,0.000681664,0.60262
726.37,0.000672777,0.60294
726.55,0.000664358,0.60325
726.74,0.000655471,0.60358
726.93,0.000646584,0.6039
727.12,0.000638052,0.60423
727.31,0.000629728,0.60456
727.49,0.000621841,0.60487
727.68,0.000613516,0.60519
727.87,0.000605192,0.60552
728.06,0.000597034,0.60585
728.25,0.000589236,0.60617
728.43,0.000581848,0.60648
728.62,0.00057405,0.60681
728.81,0.000566253,0.60714
729,0.000558455,0.60746
729.18,0.000551533,0.60777
729.37,0.000544226,0.6081
729.56,0.00053692,0.60843
729.75,0.000529614,0.60875
729.93,0.000522692,0.60906
730.12,0.00051567,0.60939
730.31,0.000508813,0.60972
730.5,0.000501957,0.61004
730.69,0.0004951,0.61037
730.87,0.000488605,0.61068
731.06,0.000481882,0.611
731.25,0.000475448,0.61133
731.44,0.000469015,0.61166
731.62,0.00046292,0.61197
731.81,0.000456486,0.61229
732,0.000450053,0.61262
732.19,0.000444028,0.61295
732.37,0.000438321,0.61326
732.56,0.000432297,0.61358
732.75,0.000426272,0.61391
732.93,0.000420565,0.61422
733.12,0.00041479,0.61455
733.31,0.000409161,0.61487
733.5,0.000403532,0.6152
733.68,0.000398199,0.61551
733.87,0.00039257,0.61584
734.06,0.000387061,0.61616
734.25,0.000381814,0.61649
734.43,0.000376842,0.6168
734.62,0.000371595,0.61713
734.81,0.000366347,0.61745
734.99,0.000361376,0.61776
735.18,0.000356471,0.61809
735.37,0.000351585,0.61841
735.56,0.000346699,0.61874
735.74,0.00034207,0.61905
735.93,0.000337184,0.61938
736.12,0.00033251,0.6197
736.3,0.000328201,0.62001
736.49,0.000323651,0.62034
736.68,0.000319102,0.62067
736.87,0.000314553,0.62099
737.05,0.000310327,0.6213
737.24,0.000306094,0.62163
737.43,0.000301862,0.62196
737.61,0.000297853,0.62227
737.8,0.000293621,0.62259
737.99,0.000289388,0.62292
738.17,0.000285645,0.62323
738.36,0.000281709,0.62355
738.55,0.000277774,0.62388
738.74,0.000273839,0.62421
738.92,0.000270111,0.62452
739.11,0.000266336,0.62484
739.3,0.000262678,0.62517
739.48,0.000259212,0.62548
739.67,0.000255554,0.62581
739.86,0.000251896,0.62613
740.04,0.000248484,0.62644
740.23,0.000245083,0.62677
740.42,0.000241683,0.6271
740.6,0.000238461,0.62741
740.79,0.000235061,0.62773
740.98,0.00023166,0.62806
741.16,0.000228643,0.62837
741.35,0.000225486,0.6287
741.54,0.000222329,0.62902
741.72,0.000219338,0.62933
741.91,0.000216181,0.62966
742.1,0.000213146,0.62998
742.28,0.000210374,0.63029
742.47,0.000207449,0.63062
742.66,0.000204523,0.63095
742.84,0.000201752,0.63126
743.03,0.000198861,0.63158
743.22,0.000196155,0.63191
743.4,0.000193592,0.63222
743.59,0.000190886,0.63255
743.77,0.000188323,0.63286
743.96,0.000185617,0.63318
744.15,0.000183075,0.63351
744.33,0.000180709,0.63382
744.52,0.000178211,0.63414
744.71,0.000175713,0.63447
744.89,0.000173346,0.63478
745.08,0.00017093,0.63511
745.27,0.000168627,0.63543
745.45,0.000166445,0.63574
745.64,0.000164142,0.63607
745.82,0.00016196,0.63638
746.01,0.000159666,0.63671
746.2,0.000157543,0.63703
746.38,0.000155532,0.63734
746.57,0.000153409,0.63767
746.75,0.000151398,0.63798
746.94,0.000149275,0.63831
747.13,0.000147265,0.63863
747.31,0.000145411,0.63894
747.5,0.000143453,0.63927
747.69,0.000141495,0.63959
747.87,0.000139641,0.6399
748.06,0.000137731,0.64023
748.24,0.000136019,0.64054
748.43,0.000134213,0.64087
748.62,0.000132406,0.64119
748.8,0.000130694,0.6415
748.99,0.000128888,0.64183
749.17,0.000127298,0.64214
749.36,0.000125627,0.64247
749.55,0.000123957,0.64279
749.73,0.000122374,0.6431
749.92,0.000120703,0.64343
750.1,0.000119186,0.64374
750.29,0.000117639,0.64406
750.47,0.000116174,0.64437
750.66,0.000114627,0.6447
750.85,0.000113081,0.64503
751.03,0.000111633,0.64534
751.22,0.000110201,0.64566
751.4,0.000108845,0.64597
751.59,0.000107413,0.6463
751.77,0.000106056,0.64661
751.96,0.000104624,0.64694
752.15,0.000103274,0.64726
752.33,0.000102017,0.64757
752.52,0.000100689,0.6479
752.7,0.0000994316,0.64821
752.89,0.0000981041,0.64853
753.07,0.0000968813,0.64884
753.26,0.0000956483,0.64917
753.45,0.0000944152,0.6495
753.63,0.0000932471,0.64981
753.82,0.000092014,0.65013
754,0.0000908459,0.65044
754.19,0.0000896972,0.65077
754.37,0.0000886089,0.65108
754.56,0.0000874602,0.65141
754.74,0.0000863719,0.65171
754.93,0.0000852232,0.65204
755.11,0.0000841781,0.65235
755.3,0.000083104,0.65268
755.49,0.0000820299,0.653
755.67,0.0000810123,0.65331
755.86,0.0000799381,0.65364
756.04,0.0000789351,0.65395
756.23,0.0000779303,0.65428
756.41,0.0000769783,0.65459
756.6,0.0000759735,0.65491
756.78,0.0000750215,0.65522
756.97,0.0000740167,0.65555
757.15,0.0000731167,0.65586
757.34,0.0000721777,0.65618
757.52,0.0000712882,0.65649
757.71,0.0000703492,0.65682
757.89,0.0000694596,0.65713
758.08,0.0000685469,0.65746
758.26,0.0000677165,0.65777
758.45,0.00006684,0.65809
758.63,0.0000660096,0.6584
758.82,0.0000651331,0.65873
759,0.0000643027,0.65904
759.19,0.0000634852,0.65936
759.37,0.0000627107,0.65967
759.56,0.0000618932,0.66
759.74,0.0000611187,0.66031
759.93,0.0000603012,0.66064
760.11,0.000059558,0.66095
760.3,0.0000587946,0.66127
760.48,0.0000580713,0.66158
760.67,0.0000573079,0.66191
760.85,0.0000565846,0.66222
761.04,0.0000558316,0.66255
761.22,0.0000551555,0.66285
761.41,0.0000544418,0.66318
761.59,0.0000537657,0.66349
761.78,0.000053052,0.66382
761.96,0.0000523759,0.66413
762.15,0.0000516995,0.66445
762.33,0.0000510682,0.66476
762.52,0.0000504019,0.66509
762.7,0.0000497706,0.6654
762.89,0.0000491042,0.66573
763.07,0.0000484894,0.66604
763.26,0.000047868,0.66636
763.44,0.0000472792,0.66667
763.62,0.0000466904,0.66698
763.81,0.0000460689,0.66731
763.99,0.0000454802,0.66762
764.18,0.0000448989,0.66794
764.36,0.0000443504,0.66825
764.55,0.0000437714,0.66858
764.73,0.0000432228,0.66889
764.92,0.0000426438,0.66922
765.1,0.0000421161,0.66953
765.29,0.0000415767,0.66985
765.47,0.0000410657,0.67016
765.65,0.0000405547,0.67047
765.84,0.0000400153,0.6708
766.02,0.0000395081,0.67111
766.21,0.0000390054,0.67143
766.39,0.0000385291,0.67174
766.58,0.0000380264,0.67207
766.76,0.0000375501,0.67238
766.95,0.0000370474,0.67271
767.13,0.0000365945,0.67301
767.31,0.0000361505,0.67332
767.5,0.0000356819,0.67365
767.68,0.0000352379,0.67396
767.87,0.0000347693,0.67429
768.05,0.0000343337,0.6746
768.24,0.0000338966,0.67492
768.42,0.0000334825,0.67523
768.6,0.0000330684,0.67554
768.79,0.0000326313,0.67587
768.97,0.0000322172,0.67618
769.16,0.0000318045,0.6765
769.34,0.0000314178,0.67681
769.52,0.0000310311,0.67712
769.71,0.000030623,0.67745
769.89,0.0000302363,0.67776
770.08,0.0000298393,0.67809
770.26,0.0000294777,0.6784
770.44,0.0000291161,0.67871
770.63,0.0000287345,0.67903
770.81,0.0000283729,0.67934
771,0.0000279912,0.67967
771.18,0.0000276533,0.67998
771.36,0.0000273153,0.68029
771.55,0.0000269585,0.68061
771.73,0.0000266205,0.68092
771.92,0.0000262638,0.68125
772.1,0.0000259382,0.68156
772.28,0.0000256226,0.68187
772.47,0.0000252895,0.6822
772.65,0.0000249739,0.6825
772.84,0.0000246408,0.68283
773.02,0.0000243275,0.68314
773.2,0.0000240331,0.68345
773.39,0.0000237223,0.68378
773.57,0.0000234279,0.68409
773.75,0.0000231335,0.6844
773.94,0.0000228227,0.68472
774.12,0.0000225417,0.68503
774.3,0.0000222672,0.68534
774.49,0.0000219776,0.68567
774.67,0.0000217031,0.68598
774.86,0.0000214134,0.6863
775.04,0.0000211431,0.68661
775.22,0.0000208873,0.68692
775.41,0.0000206172,0.68725
775.59,0.0000203613,0.68756
775.77,0.0000201055,0.68787
775.96,0.0000198354,0.6882
776.14,0.000019593,0.6885
776.32,0.0000193543,0.68881
776.51,0.0000191024,0.68914
776.69,0.0000188638,0.68945
776.87,0.0000186252,0.68976
777.06,0.0000183787,0.69009
777.24,0.0000181562,0.6904
777.42,0.0000179337,0.69071
777.61,0.0000176989,0.69103
777.79,0.0000174764,0.69134
777.97,0.0000172539,0.69165
778.16,0.0000170325,0.69198
778.34,0.0000168251,0.69229
778.52,0.0000166177,0.6926
778.71,0.0000163988,0.69292
778.89,0.0000161913,0.69323
779.07,0.0000159894,0.69354
779.26,0.0000157852,0.69387
779.44,0.0000155918,0.69418
779.62,0.0000153983,0.69449
779.81,0.0000151942,0.69481
779.99,0.0000150007,0.69512
780.17,0.0000148195,0.69543
780.36,0.000014629,0.69576
780.54,0.0000144485,0.69607
780.72,0.000014268,0.69638
780.91,0.0000140775,0.6967
781.09,0.0000139031,0.69701
781.27,0.0000137346,0.69732
781.45,0.0000135662,0.69763
781.64,0.0000133884,0.69796
781.82,0.00001322,0.69827
782,0.0000130515,0.69858
782.19,0.0000128856,0.69891
782.37,0.0000127284,0.69921
782.55,0.0000125712,0.69952
782.73,0.000012414,0.69983
782.92,0.000012248,0.70016
783.1,0.0000120966,0.70047
783.28,0.0000119498,0.70078
783.47,0.0000117948,0.70111
783.65,0.000011648,0.70142
783.83,0.0000115012,0.70172
784.01,0.0000113549,0.70203
784.2,0.00001121,0.70236
784.38,0.0000110728,0.70267
784.56,0.0000109355,0.70298
784.75,0.0000107906,0.70331
784.93,0.0000106534,0.70362
785.11,0.0000105214,0.70393
785.29,0.0000103929,0.70423
785.48,0.0000102572,0.70456
785.66,0.0000101287,0.70487
785.84,0.0000100001,0.70518
786.02,0.00000987251,0.70549
786.21,0.00000974548,0.70582
786.39,0.00000962513,0.70613
786.57,0.00000950479,0.70644
786.75,0.00000938445,0.70674
786.94,0.00000925742,0.70707
787.12,0.00000914231,0.70738
787.3,0.00000902982,0.70769
787.48,0.00000891733,0.708
787.67,0.00000879859,0.70833
787.85,0.0000086861,0.70864
788.03,0.00000857487,0.70895
788.21,0.00000846988,0.70925
788.4,0.00000835907,0.70958
788.58,0.00000825409,0.70989
788.76,0.00000814911,0.7102
788.94,0.00000804413,0.71051
789.12,0.00000794392,0.71082
789.31,0.00000784067,0.71115
789.49,0.00000774285,0.71146
789.67,0.00000764503,0.71176
789.85,0.00000754721,0.71207
790.04,0.00000744545,0.7124
790.22,0.00000735435,0.71271
790.4,0.00000726325,0.71302
790.58,0.00000717214,0.71333
790.76,0.00000708104,0.71364
790.95,0.00000698487,0.71397
791.13,0.00000689826,0.71427
791.31,0.00000681338,0.71458
791.49,0.0000067285,0.71489
791.68,0.0000066389,0.71522
791.86,0.00000655402,0.71553
792.04,0.00000647042,0.71584
792.22,0.00000639135,0.71615
792.4,0.00000631228,0.71646
792.59,0.00000622881,0.71678
792.77,0.00000614974,0.71709
792.95,0.00000607066,0.7174
793.13,0.00000599549,0.71771
793.31,0.00000592182,0.71802
793.49,0.00000584814,0.71833
793.68,0.00000577037,0.71866
793.86,0.0000056967,0.71897
794.04,0.00000562413,0.71928
794.22,0.00000555544,0.71959
794.4,0.00000548676,0.7199
794.59,0.00000541425,0.72022
794.77,0.00000534557,0.72053
794.95,0.00000527688,0.72084
795.13,0.00000521152,0.72115
795.31,0.00000514743,0.72146
795.49,0.00000508335,0.72177
795.68,0.0000050157,0.7221
795.86,0.00000495162,0.72241
796.04,0.00000488849,0.72272
796.22,0.00000482872,0.72303
796.4,0.00000476895,0.72333
796.58,0.00000470918,0.72364
796.77,0.00000464609,0.72397
796.95,0.00000458632,0.72428
797.13,0.00000452948,0.72459
797.31,0.00000447377,0.7249
797.49,0.00000441805,0.72521
797.67,0.00000436234,0.72552
797.85,0.00000430662,0.72583
798.04,0.00000424866,0.72615
798.22,0.00000419673,0.72646
798.4,0.00000414481,0.72677
798.58,0.00000409289,0.72708
798.76,0.00000404097,0.72739
798.94,0.00000398905,0.7277
799.12,0.00000393948,0.72801
799.31,0.0000038884,0.72834
799.49,0.00000384001,0.72865
799.67,0.00000379162,0.72896
799.85,0.00000374323,0.72927
800.03,0.00000369538,0.72958
800.21,0.00000365025,0.72988
800.39,0.00000360511,0.73019
800.57,0.00000355998,0.7305
800.76,0.00000351234,0.73083
800.94,0.00000346721,0.73114
801.12,0.0000034241,0.73145
801.3,0.000003382,0.73176
801.48,0.00000333991,0.73207
801.66,0.00000329781,0.73238
801.84,0.00000325572,0.73269
802.02,0.00000321394,0.733
802.2,0.0000031747,0.73331
802.39,0.00000313328,0.73363
802.57,0.00000309404,0.73394
802.75,0.0000030548,0.73425
802.93,0.00000301556,0.73456
803.11,0.00000297795,0.73487
803.29,0.00000294138,0.73518
803.47,0.00000290481,0.73549
803.65,0.00000286825,0.7358
803.83,0.00000283168,0.73611
804.01,0.00000279525,0.73642
804.2,0.00000275927,0.73674
804.38,0.00000272519,0.73705
804.56,0.00000269111,0.73736
804.74,0.00000265703,0.73767
804.92,0.00000262295,0.73798
805.1,0.00000259014,0.73829
805.28,0.00000255836,0.7386
805.46,0.00000252657,0.73891
805.64,0.00000249479,0.73922
805.82,0.000002463,0.73953
806,0.00000243122,0.73984
806.18,0.00000240158,0.74015
806.36,0.00000237193,0.74046
806.55,0.00000234064,0.74078
806.73,0.000002311,0.74109
806.91,0.00000228135,0.7414
807.09,0.00000225271,0.74171
807.27,0.00000222508,0.74202
807.45,0.00000219745,0.74233
807.63,0.00000216981,0.74264
807.81,0.00000214218,0.74295
807.99,0.00000211455,0.74326
808.17,0.00000208869,0.74357
808.35,0.00000206294,0.74388
808.53,0.00000203719,0.74419
808.71,0.00000201143,0.7445
808.89,0.00000198568,0.74481
809.07,0.00000196061,0.74512
809.25,0.00000193661,0.74543
809.43,0.00000191261,0.74574
809.61,0.0000018886,0.74604
809.79,0.0000018646,0.74635
809.97,0.0000018406,0.74666
810.15,0.00000181794,0.74697
810.34,0.00000179431,0.7473
810.52,0.00000177193,0.74761
810.7,0.00000174954,0.74792
810.88,0.00000172715,0.74823
811.06,0.00000170527,0.74854
811.24,0.00000168439,0.74885
811.42,0.00000166351,0.74916
811.6,0.00000164263,0.74947
811.78,0.00000162175,0.74978
811.96,0.00000160087,0.75008
812.14,0.00000158109,0.75039
812.32,0.00000156162,0.7507
812.5,0.00000154216,0.75101
812.68,0.00000152269,0.75132
812.86,0.00000150323,0.75163
813.04,0.00000148406,0.75194
813.22,0.00000146592,0.75225
813.4,0.00000144778,0.75256
813.58,0.00000142964,0.75287
813.76,0.0000014115,0.75318
813.94,0.00000139336,0.75349
814.12,0.00000137604,0.7538
814.3,0.00000135914,0.75411
814.48,0.00000134224,0.75442
814.66,0.00000132533,0.75473
814.84,0.00000130843,0.75504
815.02,0.00000129165,0.75535
815.2,0.00000127588,0.75565
815.38,0.00000126012,0.75596
815.56,0.00000124436,0.75627
815.74,0.00000122859,0.75658
815.92,0.00000121283,0.75689
816.1,0.00000119765,0.7572
816.28,0.00000118295,0.75751
816.46,0.00000116825,0.75782
816.63,0.00000115436,0.75811
816.81,0.00000113966,0.75842
816.99,0.00000112496,0.75873
817.17,0.0000011112,0.75904
817.35,0.0000010975,0.75935
817.53,0.00000108379,0.75966
817.71,0.00000107009,0.75997
817.89,0.00000105638,0.76028
818.07,0.00000104304,0.76059
818.25,0.00000103027,0.7609
818.43,0.0000010175,0.76121
818.61,0.00000100473,0.76152
818.79,9.91958e-7,0.76183
818.97,9.79186e-7,0.76214
819.15,9.67139e-7,0.76245
819.33,9.55236e-7,0.76275
819.51,9.43333e-7,0.76306
819.69,9.3143e-7,0.76337
819.87,9.19527e-7,0.76368
820.05,9.07846e-7,0.76399
820.23,8.96744e-7,0.7643
820.4,8.86259e-7,0.76459
820.58,8.75156e-7,0.7649
820.76,8.64054e-7,0.76521
820.94,8.52952e-7,0.76552
821.12,8.42348e-7,0.76583
821.3,8.31992e-7,0.76614
821.48,8.21637e-7,0.76645
821.66,8.11281e-7,0.76676
821.84,8.00926e-7,0.76707
822.02,7.90649e-7,0.76738
822.2,7.80995e-7,0.76769
822.38,7.71341e-7,0.768
822.56,7.61688e-7,0.76831
822.73,7.52571e-7,0.7686
822.91,7.42917e-7,0.76891
823.09,7.33592e-7,0.76922
823.27,7.24596e-7,0.76953
823.45,7.15599e-7,0.76984
823.63,7.06603e-7,0.77015
823.81,6.97606e-7,0.77046
823.99,6.8861e-7,0.77077
824.17,6.80191e-7,0.77108
824.35,6.71807e-7,0.77139
824.52,6.63888e-7,0.77168
824.7,6.55504e-7,0.77199
824.88,6.4712e-7,0.7723
825.06,6.38924e-7,0.77261
825.24,6.31104e-7,0.77292
825.42,6.23285e-7,0.77322
825.6,6.15466e-7,0.77353
825.78,6.07646e-7,0.77384
825.96,5.99827e-7,0.77415
826.13,5.92823e-7,0.77445
826.31,5.8553e-7,0.77475
826.49,5.78237e-7,0.77506
826.67,5.70945e-7,0.77537
826.85,5.63652e-7,0.77568
827.03,5.56442e-7,0.77599
827.21,5.49644e-7,0.7763
827.39,5.42846e-7,0.77661
827.56,5.36425e-7,0.7769
827.74,5.29627e-7,0.77721
827.92,5.22829e-7,0.77752
828.1,5.16288e-7,0.77783
828.28,5.09953e-7,0.77814
828.46,5.03618e-7,0.77845
828.64,4.97283e-7,0.77876
828.81,4.91299e-7,0.77905
828.99,4.84964e-7,0.77936
829.17,4.79036e-7,0.77967
829.35,4.73131e-7,0.77998
829.53,4.67227e-7,0.78029
829.71,4.61323e-7,0.7806
829.88,4.55746e-7,0.78089
